aderm101,Aderholt,Morrie,L,R,BRO,OF
andrs101,Andrews,Stan,R,R,BRO,C
basie101,Basinski,Eddie,R,R,BRO,SS
bordf101,Bordagaray,Frenchy,R,R,BRO,3B
branr103,Branca,Ralph,R,R,BRO,P
browt103,Brown,Tommy,R,R,BRO,SS
bukec101,Buker,Cy,L,R,BRO,P
chapb102,Chapman,Ben,R,R,BRO,P
corbc101,Corbitt,Claude,R,R,BRO,3B
crocc101,Crocker,Claude,R,R,BRO,P
dantf101,Dantonio,Fats,R,R,BRO,C
davic103,Davis,Curt,R,R,BRO,P
dougj101,Douglas,John,L,L,BRO,1B
durol101,Durocher,Leo,R,R,BRO,2B
durrr101,Durrett,Red,L,L,BRO,OF
galaa101,Galan,Augie,B,R,BRO,1B
gregh102,Gregg,Hal,R,R,BRO,P
hartb101,Hart,Bill,R,R,BRO,3B
hathr101,Hathaway,Ray,R,R,BRO,P
haywr101,Hayworth,Ray,R,R,BRO,C
hermb102,Herman,Babe,L,L,BRO,OF
herra101,Herring,Art,R,R,BRO,P
kingc101,King,Clyde,B,R,BRO,P
lombv101,Lombardi,Vic,L,L,BRO,P
lundd102,Lund,Don,R,R,BRO,PH
nitco101,Nitcholas,Otho,R,R,BRO,P
olmol101,Olmo,Luis,R,R,BRO,OF
owenm101,Owen,Mickey,R,R,BRO,C
palie101,Palica,Erv,R,R,BRO,PR
peacj101,Peacock,Johnny,L,R,BRO,C
pfunl101,Pfund,Lee,R,R,BRO,P
roseg101,Rosen,Goody,L,L,BRO,OF
rudoe101,Rudolph,Ernie,L,R,BRO,P
sandm101,Sandlock,Mike,B,R,BRO,C
schuh101,Schultz,Howie,R,R,BRO,1B
seatt101,Seats,Tom,R,L,BRO,P
stane101,Stanky,Eddie,R,R,BRO,2B
steve101,Stevens,Ed,L,L,BRO,1B
sukec101,Sukeforth,Clyde,L,R,BRO,C
walkd101,Walker,Dixie,L,R,BRO,OF
webbl102,Webber,Les,R,R,BRO,P
whitb106,White,Barney,R,R,BRO,3B
