andrn101,Andrews,Nate,R,R,BSN,P
barrr101,Barrett,Red,R,R,BSN,P
brubb101,Brubaker,Bill,R,R,BSN,3B
burnj101,Burns,Joe,R,R,BSN,3B
cardb101,Cardoni,Ben,R,R,BSN,P
creec101,Creeden,Connie,L,L,BSN,PH
cucct101,Cuccinello,Tony,R,R,BSN,3B
dagej101,Dagenhard,John,R,R,BSN,P
diehg101,Diehl,George,R,R,BSN,P
donob102,Donovan,Bill,R,L,BSN,P
etchb101,Etchison,Buck,L,L,BSN,1B
farrk101,Farrell,Kerby,L,L,BSN,1B
gents101,Gentile,Sam,L,R,BSN,PH
gerab101,Geraghty,Ben,R,R,BSN,2B
helth101,Heltzel,Heinie,R,R,BSN,3B
holmt101,Holmes,Tommy,L,L,BSN,OF
javea101,Javery,Al,R,R,BSN,P
jeffg101,Jeffcoat,George,R,R,BSN,P
joose101,Joost,Eddie,R,R,BSN,3B
klutc101,Kluttz,Clyde,R,R,BSN,C
lindc103,Lindquist,Carl,R,R,BSN,P
macfd101,MacFayden,Danny,R,R,BSN,P
martr103,Martin,Ray,R,R,BSN,P
masip101,Masi,Phil,R,R,BSN,C
mccaj104,McCarthy,Johnny,L,L,BSN,1B
niemb102,Nieman,Butch,L,L,BSN,OF
odomd101,Odom,Dave,R,R,BSN,P
polah101,Poland,Hugh,L,R,BSN,C
rossc103,Ross,Chet,R,R,BSN,OF
ryanc102,Ryan,Connie,R,R,BSN,2B
salvm101,Salvo,Manny,R,R,BSN,P
stoua101,Stout,Allyn,R,R,BSN,P
talcr101,Talcott,Roy,R,R,BSN,P
tobij103,Tobin,Jim,R,R,BSN,P
tostl101,Tost,Lou,L,L,BSN,P
wietw101,Wietelmann,Whitey,B,R,BSN,SS
workc101,Workman,Chuck,L,R,BSN,OF
