andrn101,Andrews,Nate,R,R,BSN,P
barrr101,Barrett,Red,R,R,BSN,P
caprp101,Capri,Pat,R,R,BSN,2B
cardb101,Cardoni,Ben,R,R,BSN,P
clemc102,Clemens,Chet,R,R,BSN,OF
culld101,Culler,Dick,R,R,BSN,SS
drewf101,Drews,Frank,R,R,BSN,2B
etchb101,Etchison,Buck,L,L,BSN,1B
gerab101,Geraghty,Ben,R,R,BSN,2B
gladr101,Gladu,Rolland,L,R,BSN,3B
hickj107,Hickey,Jim,R,R,BSN,P
hoffs101,Hofferth,Stew,R,R,BSN,C
holmt101,Holmes,Tommy,L,L,BSN,OF
hustw101,Huston,Warren,R,R,BSN,3B
hutci101,Hutchinson,Ira,R,R,BSN,P
hutcj101,Hutchings,Johnny,B,R,BSN,P
javea101,Javery,Al,R,R,BSN,P
klops101,Klopp,Stan,R,R,BSN,P
klutc101,Kluttz,Clyde,R,R,BSN,C
lindc103,Lindquist,Carl,R,R,BSN,P
macom101,Macon,Max,L,L,BSN,1B
macph101,MacPherson,Harry,R,R,BSN,P
masip101,Masi,Phil,R,R,BSN,C
niemb102,Nieman,Butch,L,L,BSN,OF
pattg102,Patton,Gene,L,R,BSN,PR
phild104,Phillips,Dee,R,R,BSN,3B
polah101,Poland,Hugh,L,R,BSN,C
richw101,Rich,Woody,L,R,BSN,P
rossc103,Ross,Chet,R,R,BSN,OF
ryanc102,Ryan,Connie,R,R,BSN,2B
sandm101,Sandlock,Mike,B,R,BSN,3B
shems101,Shemo,Steve,R,R,BSN,2B
tobij103,Tobin,Jim,R,R,BSN,P
wietw101,Wietelmann,Whitey,B,R,BSN,SS
woodg102,Woodend,George,R,R,BSN,P
workc101,Workman,Chuck,L,R,BSN,OF
wriga101,Wright,Ab,R,R,BSN,OF
