andeh102,Anderson,Hal,R,R,CHA,OF
appll101,Appling,Luke,R,R,CHA,SS
bartl101,Bartholomew,Les,R,L,CHA,P
berrc103,Berry,Charlie,R,R,CHA,C
biggc101,Biggs,Charlie,R,R,CHA,P
bluel101,Blue,Lu,B,L,CHA,1B
bowlg101,Bowler,Grant,R,R,CHA,P
campb102,Campbell,Bruce,L,R,CHA,OF
carap101,Caraway,Pat,L,L,CHA,P
chamb103,Chamberlain,Bill,R,L,CHA,P
cissb101,Cissell,Bill,R,R,CHA,SS
daglp101,Daglia,Pete,R,R,CHA,P
englc101,English,Charlie,R,R,CHA,3B
evana102,Evans,Art,B,L,CHA,P
faber101,Faber,Red,B,R,CHA,P
fiebc101,Fieber,Clarence,L,L,CHA,P
fonsl101,Fonseca,Lew,R,R,CHA,OF
fothb101,Fothergill,Bob,R,R,CHA,OF
frasv101,Frazier,Vic,R,R,CHA,P
funkl101,Funk,Liz,L,L,CHA,OF
gallp101,Gallivan,Phil,R,R,CHA,P
gastm101,Gaston,Milt,R,R,CHA,P
gregp101,Gregory,Paul,R,R,CHA,P
grubf101,Grube,Frank,R,R,CHA,C
hadlb101,Hadley,Bump,R,R,CHA,P
hayej101,Hayes,Jackie,R,R,CHA,2B
hodaj101,Hodapp,Johnny,R,R,CHA,OF
jolls101,Jolley,Smead,L,R,CHA,OF
jones104,Jones,Sad Sam,R,R,CHA,P
kimsc101,Kimsey,Chad,L,R,CHA,P
kowaf101,Kowalik,Fabian,R,R,CHA,3B
kresr101,Kress,Red,R,R,CHA,OF
lyont102,Lyons,Ted,B,R,CHA,P
mckah101,McKain,Hal,L,R,CHA,P
moorj107,Moore,Jim,R,R,CHA,P
mullg101,Mulleavy,Greg,R,R,CHA,2B
normb101,Norman,Bill,R,R,CHA,OF
poseb101,Poser,Bob,L,R,CHA,P
rothj101,Rothrock,Jack,B,R,CHA,OF
seedb101,Seeds,Bob,R,R,CHA,OF
selpc101,Selph,Carey,R,R,CHA,3B
simom101,Simons,Mel,L,R,CHA,OF
smita101,Smith,Art,R,R,CHA,P
sullb103,Sullivan,Billy,L,R,CHA,1B
swane101,Swanson,Evar,R,R,CHA,OF
tateb101,Tate,Bennie,L,R,CHA,C
thomt103,Thomas,Tommy,R,R,CHA,P
walse102,Walsh,Ed,R,R,CHA,P
watwj101,Watwood,Johnny,L,L,CHA,OF
wisea101,Wise,Archie,R,R,CHA,P
