anglt101,Angley,Tom,L,R,CHN,C
beckc101,Beck,Clyde,R,R,CHN,3B
blaif101,Blair,Footsie,L,R,CHN,3B
blaks101,Blake,Sheriff,B,R,CHN,P
bushg101,Bush,Guy,R,R,CHN,P
carlh101,Carlson,Hal,R,R,CHN,P
cuylk101,Cuyler,Kiki,R,R,CHN,OF
cvenm101,Cvengros,Mike,L,L,CHN,P
englw101,English,Woody,R,R,CHN,SS
gonzm101,Gonzalez,Mike,R,R,CHN,C
grace101,Grace,Earl,L,R,CHN,C
gramh101,Grampp,Hank,R,R,CHN,P
grimc101,Grimm,Charlie,L,L,CHN,1B
hartg103,Hartnett,Gabby,R,R,CHN,C
heatc101,Heathcote,Cliff,L,L,CHN,OF
hornr101,Hornsby,Rogers,R,R,CHN,2B
hornt101,Horne,Trader,B,R,CHN,P
jonnc101,Jonnard,Claude,R,R,CHN,P
malop103,Malone,Pat,L,R,CHN,P
mcmin101,McMillan,Norm,R,R,CHN,3B
moorj104,Moore,Johnny,L,R,CHN,OF
nehfa101,Nehf,Art,L,L,CHN,P
osbob102,Osborn,Bob,R,R,CHN,P
pennk102,Penner,Ken,L,R,CHN,P
rootc101,Root,Charlie,R,R,CHN,P
schuj106,Schulte,Johnny,L,R,CHN,C
stepr101,Stephenson,Riggs,R,R,CHN,OF
tayld101,Taylor,Danny,R,R,CHN,OF
taylz101,Taylor,Zack,R,R,CHN,C
tolsc101,Tolson,Chick,R,R,CHN,1B
wilsh102,Wilson,Hack,R,R,CHN,OF
