baece101,Baecht,Ed,R,R,CHN,P
bartv101,Barton,Vince,L,R,CHN,OF
bushg101,Bush,Guy,R,R,CHN,P
cuylk101,Cuyler,Kiki,R,R,CHN,OF
demaf102,Demaree,Frank,R,R,CHN,OF
englw101,English,Woody,R,R,CHN,3B
grimb101,Grimes,Burleigh,R,R,CHN,P
grimc101,Grimm,Charlie,L,L,CHN,1B
gudam101,Gudat,Marv,L,L,CHN,OF
hacks101,Hack,Stan,L,R,CHN,3B
hartg103,Hartnett,Gabby,R,R,CHN,C
hemsr101,Hemsley,Rollie,R,R,CHN,C
hermb101,Herman,Billy,R,R,CHN,2B
herrl101,Herrmann,Leroy,R,R,CHN,P
hornr101,Hornsby,Rogers,R,R,CHN,OF
jurgb101,Jurges,Billy,R,R,CHN,SS
koenm101,Koenig,Mark,B,R,CHN,SS
malop103,Malone,Pat,L,R,CHN,P
may-j102,May,Jakie,R,L,CHN,P
moorj104,Moore,Johnny,L,R,CHN,OF
newsb101,Newsom,Bobo,R,R,CHN,P
richl103,Richbourg,Lance,L,R,CHN,OF
rootc101,Root,Charlie,R,R,CHN,P
smitb110,Smith,Bob,R,R,CHN,P
stepr101,Stephenson,Riggs,R,R,CHN,OF
tayld101,Taylor,Danny,R,R,CHN,OF
taylh103,Taylor,Harry,L,L,CHN,1B
taylz101,Taylor,Zack,R,R,CHN,C
tinnb101,Tinning,Bud,B,R,CHN,P
warnl101,Warneke,Lon,R,R,CHN,P
yerkc101,Yerkes,Carroll,R,L,CHN,P
