baskj101,Baskette,Jim,R,R,CLE,P
bassj102,Bassler,Johnny,L,R,CLE,C
bater101,Bates,Ray,R,R,CLE,3B
bealj101,Beall,Johnny,L,R,CLE,PH
billj103,Billings,Josh,R,R,CLE,C
birmj101,Birmingham,Joe,R,R,CLE,OF
blanf102,Blanding,Fred,R,R,CLE,P
brenl101,Brenton,Lynn,R,R,CLE,P
carif101,Carisch,Fred,R,R,CLE,C
chapr101,Chapman,Ray,R,R,CLE,SS
culln101,Cullop,Nick,L,L,CLE,P
dashl101,Dashner,Lee,B,L,CLE,P
dunlg101,Dunlop,George,R,R,CLE,SS
edmoe101,Edmonson,Eddie,L,R,CLE,1B
falkc101,Falkenberg,Cy,R,R,CLE,P
glavl101,Glavenich,Luke,R,R,CLE,P
granj104,Graney,Jack,L,L,CLE,OF
gregd101,Gregg,Dave,R,R,CLE,P
gregv101,Gregg,Vean,R,L,CLE,P
jackj101,Jackson,Shoeless Joe,L,R,CLE,OF
jamel102,James,Lefty,L,L,CLE,P
johnd107,Johnston,Doc,L,L,CLE,1B
kahlg101,Kahler,George,R,R,CLE,P
kopfl101,Kopf,Larry,B,R,CLE,2B
kruee101,Krueger,Ernie,R,R,CLE,C
lajon101,Lajoie,Nap,R,R,CLE,2B
landg101,Land,Grover,R,R,CLE,C
leibn101,Leibold,Nemo,L,R,CLE,OF
lelij101,Lelivelt,Jack,L,L,CLE,OF
mitcw101,Mitchell,Willie,R,L,CLE,P
olsoi101,Olson,Ivy,R,R,CLE,3B
oneis101,O'Neill,Steve,R,R,CLE,C
peckr101,Peckinpaugh,Roger,R,R,CLE,PR
ryanb102,Ryan,Buddy,L,R,CLE,OF
soutb101,Southworth,Billy,L,R,CLE,OF
steeb101,Steen,Bill,R,R,CLE,P
swinj101,Swindell,Josh,R,R,CLE,PR
turnt105,Turner,Terry,R,R,CLE,3B
young101,Young,George,L,R,CLE,PH
