bagbj102,Bagby,Jim,R,R,CLE,P
boudl101,Boudreau,Lou,R,R,CLE,SS
browc103,Brown,Clint,L,R,CLE,P
calvp101,Calvert,Paul,R,R,CLE,P
centp101,Center,Pete,R,R,CLE,P
deanc101,Dean,Chubby,L,L,CLE,P
denno101,Denning,Otto,R,R,CLE,C
desag101,Desautels,Gene,R,R,CLE,C
edwah101,Edwards,Hank,L,L,CLE,OF
eiseh101,Eisenstat,Harry,L,L,CLE,P
embrr101,Embree,Red,R,R,CLE,P
ferrt101,Ferrick,Tom,R,R,CLE,P
fleml101,Fleming,Les,L,L,CLE,1B
gafff101,Gaffke,Fabian,R,R,CLE,OF
grimo101,Grimes,Oscar,R,R,CLE,2B
groms101,Gromek,Steve,B,R,CLE,P
hardm101,Harder,Mel,R,R,CLE,P
heatj101,Heath,Jeff,L,R,CLE,OF
hegaj101,Hegan,Jim,R,R,CLE,C
hevij101,Heving,Joe,R,R,CLE,P
hocko101,Hockett,Oris,L,R,CLE,OF
keltk101,Keltner,Ken,R,R,CLE,3B
kennv101,Kennedy,Vern,L,R,CLE,P
krakj101,Krakauskas,Joe,L,L,CLE,P
lemob101,Lemon,Bob,L,R,CLE,3B
mackr101,Mack,Ray,R,R,CLE,2B
millb108,Mills,Buster,R,R,CLE,OF
milna101,Milnar,Al,L,L,CLE,P
peter101,Peters,Rusty,R,R,CLE,SS
poatr101,Poat,Ray,R,R,CLE,P
reyna102,Reynolds,Allie,R,R,CLE,P
robie101,Robinson,Eddie,L,R,CLE,1B
sepkt101,Sepkowski,Ted,L,R,CLE,2B
smita104,Smith,Al,L,L,CLE,P
suscg102,Susce,George,R,R,CLE,C
weatr101,Weatherly,Roy,L,R,CLE,OF
