arnom101,Arnovich,Morrie,R,R,PHI,OF
atwob101,Atwood,Bill,R,R,PHI,C
bracg101,Brack,Gibby,R,R,PHI,OF
browe104,Browne,Earl,L,L,PHI,1B
burke102,Burkart,Elmer,R,R,PHI,P
butcm101,Butcher,Max,R,R,PHI,P
clarc101,Clark,Cap,L,R,PHI,C
corbg101,Corbett,Gene,L,R,PHI,1B
davis101,Davis,Spud,R,R,PHI,C
feine101,Feinberg,Eddie,B,R,PHI,SS
gormh101,Gorman,Howie,L,L,PHI,PH
hallb104,Hallahan,Bill,R,L,PHI,P
heuse101,Heusser,Ed,B,R,PHI,P
holla101,Hollingsworth,Al,L,L,PHI,P
johns101,Johnson,Syl,R,R,PHI,P
jordb101,Jordan,Buck,L,R,PHI,3B
kellh104,Kelleher,Hal,R,R,PHI,P
kleic101,Klein,Chuck,L,R,PHI,OF
lamaw101,LaMaster,Wayne,L,L,PHI,P
lannt101,Lanning,Tom,L,L,PHI,P
marth101,Martin,Hersh,B,R,PHI,OF
muelh101,Mueller,Heinie,B,R,PHI,2B
mulch101,Mulcahy,Hugh,R,R,PHI,P
passc101,Passeau,Claude,R,R,PHI,P
pitka101,Pitko,Alex,R,R,PHI,OF
rebea101,Rebel,Art,L,L,PHI,OF
reist101,Reis,Tommy,R,R,PHI,P
schag102,Scharein,George,R,R,PHI,SS
sivep101,Sivess,Pete,R,R,PHI,P
smita104,Smith,Al,L,L,PHI,P
stait101,Stainback,Tuck,R,R,PHI,OF
steij101,Stein,Justin,R,R,PHI,3B
stovr101,Stoviak,Ray,L,L,PHI,OF
waltb102,Walters,Bucky,R,R,PHI,P
weinp101,Weintraub,Phil,L,L,PHI,1B
whitp103,Whitney,Pinky,R,R,PHI,3B
wilsj105,Wilson,Jimmie,R,R,PHI,C
yound105,Young,Del,B,R,PHI,SS
