attrd101,Attreau,Dick,L,L,PHI,1B
baece101,Baecht,Ed,R,R,PHI,P
bentj101,Bentley,Jack,L,L,PHI,1B
buskj101,Buskey,Joe,R,R,PHI,SS
carlh101,Carlson,Hal,R,R,PHI,P
cotte102,Cotter,Ed,R,R,PHI,3B
deanw101,Dean,Wayland,B,R,PHI,P
decaa101,Decatur,Art,R,R,PHI,P
dunhl101,Dunham,Lee,L,L,PHI,1B
fribb101,Friberg,Bernie,R,R,PHI,2B
grimr103,Grimes,Ray,R,R,PHI,1B
harpg101,Harper,George,L,R,PHI,OF
henlb101,Henline,Butch,R,R,PHI,C
hubec101,Huber,Clarence,R,R,PHI,3B
jonnb101,Jonnard,Bubber,R,R,PHI,C
keatc101,Keating,Chick,R,R,PHI,2B
kellm102,Kelly,Mike,R,R,PHI,P
kimmw101,Kimmick,Wally,R,R,PHI,1B
knigj103,Knight,Jack,L,R,PHI,P
leacf101,Leach,Freddy,L,R,PHI,OF
maune101,Maun,Ernie,R,R,PHI,P
mitcc102,Mitchell,Clarence,L,L,PHI,P
mokaj101,Mokan,Johnny,R,R,PHI,OF
nixoa101,Nixon,Al,R,L,PHI,OF
pierr101,Pierce,Ray,L,L,PHI,P
rambp101,Rambo,Pete,R,R,PHI,P
riceb101,Rice,Bob,R,R,PHI,3B
sandh101,Sand,Heinie,R,R,PHI,SS
sothd101,Sothern,Denny,R,R,PHI,OF
stutg101,Stutz,George,R,R,PHI,SS
tabel101,Taber,Lefty,L,L,PHI,P
ulrid101,Ulrich,Dutch,R,R,PHI,P
wendl101,Wendell,Lew,R,R,PHI,C
willc102,Willoughby,Claude,R,R,PHI,P
willc103,Williams,Cy,L,L,PHI,OF
wilsj105,Wilson,Jimmie,R,R,PHI,C
wrigr102,Wrightstone,Russ,L,R,PHI,1B
yarnr101,Yarnall,Rusty,R,R,PHI,P
