austj101,Austin,Jimmy,B,R,SLA,3B
bigli101,Bigler,Ivan,R,R,SLA,PR
daved101,Davenport,Dave,R,R,SLA,P
demmr101,Demmitt,Ray,L,R,SLA,OF
gerbw101,Gerber,Wally,R,R,SLA,SS
groob101,Groom,Bob,R,R,SLA,P
haleg101,Hale,George,R,R,SLA,C
hamie101,Hamilton,Earl,L,L,SLA,P
hartg102,Hartley,Grover,R,R,SLA,C
jacow101,Jacobson,Baby Doll,R,R,SLA,OF
johne102,Johnson,Ernie,L,R,SLA,SS
kenwd101,Kenworthy,Duke,B,R,SLA,2B
koobe101,Koob,Ernie,L,L,SLA,P
lavad101,Lavan,Doc,R,R,SLA,SS
lowdg101,Lowdermilk,Grover,R,R,SLA,P
magel101,Magee,Lee,B,R,SLA,3B
marsa101,Marsans,Armando,R,R,SLA,OF
marts102,Martin,Speed,R,R,SLA,P
mccat104,McCabe,Tim,R,R,SLA,P
millw104,Miller,Ward,L,R,SLA,OF
molyv101,Molyneaux,Vince,R,R,SLA,P
moors101,Moore,Scrappy,R,R,SLA,3B
murre101,Murray,Ed,R,R,SLA,SS
neu-o101,Neu,Otto,R,R,SLA,SS
parkj102,Park,Jim,R,R,SLA,P
paulg102,Paulette,Gene,R,R,SLA,1B
pennk101,Pennington,Kewpie,R,R,SLA,P
plane101,Plank,Eddie,L,L,SLA,P
pratd101,Pratt,Del,R,R,SLA,2B
richt101,Richardson,Tom,R,R,SLA,PH
roget101,Rogers,Tom,R,R,SLA,P
rumlw101,Rumler,William,R,R,SLA,OF
seveh101,Severeid,Hank,R,R,SLA,C
shotb101,Shotton,Burt,L,R,SLA,OF
sislg101,Sisler,George,L,L,SLA,1B
sloat101,Sloan,Tod,L,R,SLA,OF
smite107,Smith,Earl,B,R,SLA,OF
sotha101,Sothoron,Allen,B,R,SLA,P
weilc101,Weilman,Carl,L,L,SLA,P
wrigr104,Wright,Rasty,R,R,SLA,P
