barfc101,Barfoot,Clyde,R,R,WHK
brazf101,Brazill,Frank,L,R,WHK
dursc101,Durst,Cedric,L,L,WHK
golvw101,Golvin,Walt,L,L,WHK
griga101,Griggs,Art,R,R,WHK
hoodw101,Hood,Wally,R,R,WHK
jenkj102,Jenkins,Joe,R,R,WHK
kingw101,Kingdon,Wes,R,R,WHK
lindh101,Lindimore,Howard,L,R,WHK
mcaui101,McAuley,Ike,B,R,WHK
payng102,Payne,George,R,R,WHK
rootc101,Root,Charlie,R,R,WHK
sanbg101,Sandberg,Gus,R,R,WHK
scotp101,Scott,Pete,R,R,WHK
twomb101,Twombly,Babe,L,R,WHK
