aderm101,Aderholt,Morrie,L,R,WS1,2B
ander102,Anderson,Red,R,R,WS1,P
archg101,Archie,George,R,R,WS1,3B
blooj101,Bloodworth,Jimmy,R,R,WS1,2B
boltc101,Bolton,Cliff,L,R,WS1,C
carra101,Carrasquel,Alex,R,R,WS1,P
caseg101,Case,George,R,R,WS1,OF
chapb102,Chapman,Ben,R,R,WS1,OF
chask101,Chase,Ken,L,L,WS1,P
cramd102,Cramer,Doc,L,R,WS1,OF
deanh102,Dean,Harry,R,R,WS1,P
earlj101,Early,Jake,L,R,WS1,C
evana101,Evans,Al,R,R,WS1,C
ferrr101,Ferrell,Rick,R,R,WS1,C
hudss101,Hudson,Sid,R,R,WS1,P
kennv101,Kennedy,Vern,L,R,WS1,P
laynh101,Layne,Hillis,L,R,WS1,3B
leond103,Leonard,Dutch,R,R,WS1,P
letcc101,Letchas,Charlie,R,R,WS1,2B
lewib103,Lewis,Buddy,L,R,WS1,OF
macfd101,MacFayden,Danny,R,R,WS1,P
mastw101,Masterson,Walt,R,R,WS1,P
millr111,Miller,Ronny,B,R,WS1,P
mulld101,Mulligan,Dick,L,L,WS1,P
myerb103,Myer,Buddy,L,R,WS1,2B
ortir101,Ortiz,Roberto,R,R,WS1,OF
pofaj101,Pofahl,Jimmy,R,R,WS1,SS
robes102,Robertson,Sherry,L,R,WS1,3B
sanfj102,Sanford,Jack,R,R,WS1,1B
sunds101,Sundra,Steve,R,R,WS1,P
travc101,Travis,Cecil,L,R,WS1,SS
vernm101,Vernon,Mickey,L,L,WS1,1B
welaj101,Welaj,Johnny,R,R,WS1,OF
wests101,West,Sam,L,L,WS1,OF
wynne101,Wynn,Early,B,R,WS1,P
zubeb101,Zuber,Bill,R,R,WS1,P
