aderm101,Aderholt,Morrie,L,R,WS1,2B
applp101,Appleton,Pete,R,R,WS1,P
bassd102,Bass,Dick,R,R,WS1,P
blooj101,Bloodworth,Jimmy,R,R,WS1,2B
blueo102,Bluege,Ossie,R,R,WS1,1B
carra101,Carrasquel,Alex,R,R,WS1,P
caseg101,Case,George,R,R,WS1,OF
chask101,Chase,Ken,L,L,WS1,P
deshj101,DeShong,Jimmie,R,R,WS1,P
earlj101,Early,Jake,L,R,WS1,C
estab101,Estalella,Bobby,R,R,WS1,OF
evana101,Evans,Al,R,R,WS1,C
ferrr101,Ferrell,Rick,R,R,WS1,C
gedej102,Gedeon,Elmer,R,R,WS1,OF
gelbc101,Gelbert,Charlie,R,R,WS1,SS
giult101,Giuliani,Tony,R,R,WS1,C
haynj101,Haynes,Joe,R,R,WS1,P
hollb105,Holland,Bill,L,L,WS1,P
jacob102,Jacobs,Bucky,R,R,WS1,P
kellh101,Kelley,Harry,R,R,WS1,P
krakj101,Krakauskas,Joe,L,L,WS1,P
leipe101,Leip,Ed,R,R,WS1,2B
leond103,Leonard,Dutch,R,R,WS1,P
lewib103,Lewis,Buddy,L,R,WS1,3B
loanb101,Loane,Bob,R,R,WS1,OF
mastw101,Masterson,Walt,R,R,WS1,P
myerb103,Myer,Buddy,L,R,WS1,2B
palam101,Palagyi,Mike,R,R,WS1,P
pitka101,Pitko,Alex,R,R,WS1,OF
pricb101,Prichard,Bob,L,L,WS1,1B
quich101,Quick,Hal,R,R,WS1,SS
thomb102,Thomas,Bud,R,R,WS1,P
thuml101,Thuman,Lou,R,R,WS1,P
travc101,Travis,Cecil,L,R,WS1,SS
vernm101,Vernon,Mickey,L,L,WS1,1B
wasdj101,Wasdell,Jimmy,L,L,WS1,1B
welaj101,Welaj,Johnny,R,R,WS1,OF
wests101,West,Sam,L,L,WS1,OF
wrigt102,Wright,Taffy,L,R,WS1,OF
wynne101,Wynn,Early,B,R,WS1,P
