alded101,Alderson,Dale,R,R,CHN,P
barrd101,Barrett,Dick,R,R,CHN,P
beckh102,Becker,Heinz,B,R,CHN,1B
bithh101,Bithorn,Hi,R,R,CHN,P
burrj101,Burrows,John,R,L,CHN,P
cavap101,Cavarretta,Phil,L,L,CHN,1B
dalld101,Dallessandro,Dom,L,L,CHN,OF
derrp101,Derringer,Paul,R,R,CHN,P
elkop101,Elko,Pete,R,R,CHN,3B
ericp101,Erickson,Paul,R,R,CHN,P
flemb101,Fleming,Bill,R,R,CHN,P
gilbc101,Gilbert,Charlie,L,L,CHN,OF
goodi101,Goodman,Ival,L,R,CHN,OF
hacks101,Hack,Stan,L,R,CHN,3B
hanye101,Hanyzewski,Ed,R,R,CHN,P
hernc101,Hernandez,Chico,R,R,CHN,C
holmb101,Holm,Billy,R,R,CHN,C
johnd101,Johnson,Don,R,R,CHN,2B
kreim101,Kreitner,Mickey,R,R,CHN,C
lee-b103,Lee,Bill,R,R,CHN,P
livim101,Livingston,Mickey,R,R,CHN,C
lowrp101,Lowrey,Peanuts,R,R,CHN,OF
marts103,Martin,Stu,L,R,CHN,2B
mccuc101,McCullough,Clyde,R,R,CHN,C
merul101,Merullo,Lennie,R,R,CHN,SS
mootj101,Mooty,Jake,R,R,CHN,P
nichb101,Nicholson,Bill,L,R,CHN,OF
novil101,Novikoff,Lou,R,R,CHN,OF
ostrj102,Ostrowski,Johnny,R,R,CHN,OF
pafka101,Pafko,Andy,R,R,CHN,OF
passc101,Passeau,Claude,R,R,CHN,P
platw101,Platt,Whitey,R,R,CHN,OF
primr101,Prim,Ray,R,L,CHN,P
sauee101,Sauer,Ed,R,R,CHN,OF
schub102,Schuster,Bill,R,R,CHN,SS
signw101,Signer,Walter,R,R,CHN,P
stane101,Stanky,Eddie,R,R,CHN,2B
todda101,Todd,Al,R,R,CHN,C
warnl101,Warneke,Lon,R,R,CHN,P
wyseh101,Wyse,Hank,R,R,CHN,P
