bartd101,Bartell,Dick,R,R,CHN,SS
bryac101,Bryant,Clay,R,R,CHN,P
cavap101,Cavarretta,Phil,L,L,CHN,1B
deand102,Dean,Dizzy,R,R,CHN,P
frenl101,French,Larry,R,L,CHN,P
galaa101,Galan,Augie,B,R,CHN,OF
garbb102,Garbark,Bob,R,R,CHN,C
gleej101,Gleeson,Jim,B,R,CHN,OF
hacks101,Hack,Stan,L,R,CHN,3B
harrr103,Harrell,Ray,R,R,CHN,P
hartg103,Hartnett,Gabby,R,R,CHN,C
hermb101,Herman,Billy,R,R,CHN,2B
higbk101,Higbe,Kirby,R,R,CHN,P
lee-b103,Lee,Bill,R,R,CHN,P
leibh101,Leiber,Hank,R,R,CHN,OF
lillg101,Lillard,Gene,R,R,CHN,P
mancg101,Mancuso,Gus,R,R,CHN,C
martj102,Marty,Joe,R,R,CHN,OF
mattb101,Mattick,Bobby,R,R,CHN,SS
mesns101,Mesner,Steve,R,R,CHN,SS
nichb101,Nicholson,Bill,L,R,CHN,OF
olsev101,Olsen,Vern,R,L,CHN,P
pagev101,Page,Vance,R,R,CHN,P
passc101,Passeau,Claude,R,R,CHN,P
reync102,Reynolds,Carl,R,R,CHN,OF
rootc101,Root,Charlie,R,R,CHN,P
russj103,Russell,Jack,R,R,CHN,P
russr101,Russell,Rip,R,R,CHN,1B
white102,Whitehill,Earl,L,L,CHN,P
