alexg102,Alexander,Pete,R,R,CHN,P
bails101,Bailey,Sweetbread,R,R,CHN,P
barbt101,Barber,Turner,L,R,CHN,1B
cartp101,Carter,Paul,L,R,CHN,P
cheev101,Cheeves,Virgil,R,R,CHN,P
clars102,Clarke,Sumpter,R,R,CHN,3B
dalyt102,Daly,Tom,R,R,CHN,C
dealc102,Deal,Charlie,R,R,CHN,3B
flacm101,Flack,Max,L,L,CHN,OF
fribb101,Friberg,Bernie,R,R,CHN,2B
gaw-c101,Gaw,Chippy,R,R,CHN,P
hendc101,Hendrix,Claude,R,R,CHN,P
herzb101,Herzog,Buck,R,R,CHN,2B
hollc101,Hollocher,Charlie,L,R,CHN,SS
jaegj101,Jaeger,Joe,R,R,CHN,P
jonep101,Jones,Percy,R,L,CHN,P
killb101,Killefer,Bill,R,R,CHN,C
leath101,Leathers,Hal,L,R,CHN,SS
marrw101,Marriott,William,L,R,CHN,2B
marts102,Martin,Speed,R,R,CHN,P
mccab101,McCabe,Bill,B,R,CHN,PH
merkf101,Merkle,Fred,R,R,CHN,1B
newkj101,Newkirk,Joel,R,R,CHN,P
ofarb101,O'Farrell,Bob,R,R,CHN,C
paskd101,Paskert,Dode,R,R,CHN,OF
robed103,Robertson,Dave,L,L,CHN,OF
terrz101,Terry,Zeb,R,R,CHN,SS
turnt104,Turner,Ted,R,R,CHN,P
twomb101,Twombly,Babe,L,R,CHN,OF
tylel101,Tyler,Lefty,L,L,CHN,P
vaugh101,Vaughn,Hippo,B,L,CHN,P
