adamd103,Adams,Dan,R,R,KCF,P
browd101,Brown,Drummond,R,R,KCF,C
chadc101,Chadbourne,Chet,L,R,KCF,OF
colec104,Coles,Cad,L,R,KCF,OF
culln101,Cullop,Nick,L,L,KCF,P
daric101,Daringer,Cliff,L,R,KCF,SS
eastt101,Easterly,Ted,L,R,KCF,C
enzej101,Enzenroth,Jack,R,R,KCF,C
gilmg101,Gilmore,Grover,L,L,KCF,OF
goodp101,Goodwin,Pep,L,R,KCF,SS
harrb111,Harris,Ben,R,R,KCF,P
hennp101,Henning,Pete,R,R,KCF,P
hogag101,Hogan,George,R,R,KCF,P
johnc102,Johnson,Chief,R,R,KCF,P
kenwd101,Kenworthy,Duke,B,R,KCF,2B
kruga101,Kruger,Art,R,R,KCF,OF
packg101,Packard,Gene,L,L,KCF,P
perrg102,Perring,George,R,R,KCF,3B
pottj101,Potts,John,L,R,KCF,OF
rawlj101,Rawlings,Johnny,R,R,KCF,SS
stond101,Stone,Dwight,R,R,KCF,P
stovg101,Stovall,George,R,R,KCF,1B
swand101,Swan,Harry,R,R,KCF,P
tappw101,Tappan,Walter,R,R,KCF,SS
