amblw101,Ambler,Wayne,R,R,PHA,SS
beckb103,Beckmann,Bill,R,R,PHA,P
brana101,Brancato,Al,R,R,PHA,3B
bruce101,Brucker,Earle,R,R,PHA,C
castg101,Caster,George,R,R,PHA,P
chapf102,Chapman,Fred,R,R,PHA,SS
chaps101,Chapman,Sam,R,R,PHA,OF
colle102,Collins,Eddie,L,R,PHA,OF
deanc101,Dean,Chubby,L,L,PHA,P
etten101,Etten,Nick,L,L,PHA,1B
finnl101,Finney,Lou,L,R,PHA,OF
gantj101,Gantenbein,Joe,L,R,PHA,2B
hayef101,Hayes,Frankie,R,R,PHA,C
johnb102,Johnson,Bob,R,R,PHA,OF
joycb102,Joyce,Bob,R,R,PHA,P
lillb102,Lillard,Bill,R,R,PHA,SS
lodid101,Lodigiani,Dario,R,R,PHA,3B
mastw102,Masters,Walt,R,R,PHA,P
mccrl101,McCrabb,Les,R,R,PHA,P
mcnab101,McNamara,Bob,R,R,PHA,3B
miled101,Miles,Dee,L,R,PHA,OF
mosew101,Moses,Wally,L,L,PHA,OF
nageb101,Nagel,Bill,R,R,PHA,2B
nelsl101,Nelson,Lynn,L,R,PHA,P
newss101,Newsome,Skeeter,R,R,PHA,SS
oneih102,O'Neill,Harry,R,R,PHA,C
pages101,Page,Sam,L,R,PHA,P
parmr101,Parmelee,Roy,R,R,PHA,P
pippc101,Pippen,Cotton,R,R,PHA,P
pottn102,Potter,Nels,L,R,PHA,P
renij101,Reninger,Jim,R,R,PHA,P
rossb102,Ross,Buck,R,R,PHA,P
schej101,Schelle,Jim,R,R,PHA,P
siebd102,Siebert,Dick,L,L,PHA,1B
smitd105,Smith,Dave,R,R,PHA,P
smite105,Smith,Eddie,B,L,PHA,P
thomb102,Thomas,Bud,R,R,PHA,P
tipte101,Tipton,Eric,R,R,PHA,OF
wagnh102,Wagner,Hal,L,R,PHA,C
