behap101,Behan,Petie,R,R,PHI,P
bennj101,Bennett,Joe,R,R,PHI,3B
betth101,Betts,Huck,R,R,PHI,P
bishj101,Bishop,Jim,R,R,PHI,P
coucj101,Couch,Johnny,L,R,PHI,P
dennt101,Dennehey,Tod,L,L,PHI,OF
garda103,Gardiner,Art,R,R,PHI,P
glazw101,Glazner,Whitey,R,R,PHI,P
granj102,Grant,Jim,R,L,PHI,P
headr101,Head,Ralph,R,R,PHI,P
henlb101,Henline,Butch,R,R,PHI,C
holkw101,Holke,Walter,B,L,PHI,1B
hubbb101,Hubbell,Bill,R,R,PHI,P
joneb105,Jones,Broadway,R,R,PHI,P
leacf101,Leach,Freddy,L,R,PHI,OF
lee-c101,Lee,Cliff,R,R,PHI,OF
lordc101,Lord,Carlton,R,R,PHI,3B
meadl101,Meadows,Lee,L,R,PHI,P
metzl101,Metz,Lenny,R,R,PHI,2B
millr104,Miller,Red,R,R,PHI,P
mitcc102,Mitchell,Clarence,L,L,PHI,P
mokaj101,Mokan,Johnny,R,R,PHI,OF
obrim101,O'Brien,Dink,R,R,PHI,C
parkd101,Parker,Dixie,L,R,PHI,C
parkf101,Parkinson,Frank,R,R,PHI,2B
ragap101,Ragan,Pat,R,R,PHI,P
rappg101,Rapp,Goldie,B,R,PHI,3B
ringj101,Ring,Jimmy,R,R,PHI,P
sandh101,Sand,Heinie,R,R,PHI,SS
tierc101,Tierney,Cotton,R,R,PHI,2B
walkc101,Walker,Curt,L,R,PHI,OF
weinl101,Weinert,Lefty,L,L,PHI,P
willc103,Williams,Cy,L,L,PHI,OF
wilsj105,Wilson,Jimmie,R,R,PHI,C
wintj101,Winters,Jesse,R,R,PHI,P
woeha101,Woehr,Andy,R,R,PHI,3B
wrigr102,Wrightstone,Russ,L,R,PHI,3B
