candm101,Candini,Milo,R,R,WS1,P
carys101,Cary,Scott,L,L,WS1,P
caseg101,Case,George,R,R,WS1,OF
chrim102,Christman,Mark,R,R,WS1,SS
coang101,Coan,Gil,L,R,WS1,OF
dozib101,Dozier,Buzz,R,R,WS1,P
ermec101,Ermer,Cal,R,R,WS1,2B
evana101,Evans,Al,R,R,WS1,C
ferrr101,Ferrell,Rick,R,R,WS1,C
ferrt101,Ferrick,Tom,R,R,WS1,P
gracj101,Grace,Joe,L,R,WS1,OF
haefm101,Haefner,Mickey,L,L,WS1,P
harrl101,Harris,Lum,R,R,WS1,P
hudss101,Hudson,Sid,R,R,WS1,P
kennb102,Kennedy,Bill,L,L,WS1,P
knerl101,Knerr,Lou,R,R,WS1,P
lewib103,Lewis,Buddy,L,R,WS1,OF
lyone101,Lyons,Ed,R,R,WS1,2B
mackf102,Mackiewicz,Felix,R,R,WS1,OF
mancf101,Mancuso,Frank,R,R,WS1,C
mastw101,Masterson,Walt,R,R,WS1,P
mcbrt101,McBride,Tom,R,R,WS1,OF
myatg102,Myatt,George,L,R,WS1,2B
newsb101,Newsom,Bobo,R,R,WS1,P
pierm101,Pieretti,Marino,R,R,WS1,P
pridj101,Priddy,Jerry,R,R,WS1,2B
robes102,Robertson,Sherry,L,R,WS1,OF
scarr102,Scarborough,Ray,R,R,WS1,P
spens101,Spence,Stan,L,L,WS1,OF
sullj104,Sullivan,John,R,R,WS1,SS
toenh101,Toenes,Hal,R,R,WS1,P
travc101,Travis,Cecil,L,R,WS1,3B
vernm101,Vernon,Mickey,L,L,WS1,1B
wootj101,Wooten,Junior,R,L,WS1,OF
wynne101,Wynn,Early,B,R,WS1,P
yoste101,Yost,Eddie,R,R,WS1,3B
